Cluster,Size,Mean,SD,Min,Max
1,5,1.7,0.6749485577105528,1,3
2,5,2,1.0540925533894598,1,4
